_id,INTERSECTION_ID,LINEAR_NAME_FULL_1,LINEAR_NAME_FULL_2,ID,X,Y,LONGITUDE,LATITUDE,OBJECTID,geometry,MID_BLOCK,POLICE_DIVISION_2,POLICE_DIVISION_3,ACTIVATION_DATE,SIDE2,CLIENT_STREET_2,CLIENT_STREET_1,SIDE1,MI_PRINX,PRIVATE_ACCESS,TCS,ADDITIONAL_INFO,POLICE_DIVISION_1,WARD_1,WARD_3,WARD_2,WARD_4,NAME,DISTRICT,RLC,MAIN
4678,13465959.0,Richmond St E,Parliament St,1,315768.179,4834966.252,-79.364023,43.654559000000006,1,"{u'type': u'Point', u'coordinates': (-79.3640229982, 43.6545590111)}",,,,2007-11-09T05:00:00,,PARLIAMENT ST,RICHMOND ST E,PARLIAMENT ST,1,,223,,51,Toronto Centre(13),,,,Richmond St E And Parliament St,Toronto and East York,6001,RICHMOND ST E
4679,13467993.0,Lake Shore Blvd W,York St,2,314411.515,4833508.938999999,-79.380868,43.641459999999995,2,"{u'type': u'Point', u'coordinates': (-79.3808680071, 43.6414600022)}",,,,2007-11-09T05:00:00,,YORK ST,LAKE SHORE BLVD W,YORK ST,2,,205,WB LAKE SHORE BLVD,52,Spadina-Fort York(10),,,,Lake Shore Blvd W And York St,Toronto and East York,6002,LAKE SHORE BLVD W
4680,13444656.0,Steeles Ave W,Carpenter Rd,3,309017.922,4850229.154,-79.44758900000001,43.792013,3,"{u'type': u'Point', u'coordinates': (-79.447588999, 43.7920130014)}",,,,2007-11-09T05:00:00,PRIVATE ACCESS,CARPENTER RD,STEELES AVE W,CARPENTER RD,3,SHOPPING CENTRE,1564,,32,York Centre(6),,,,Steeles Ave W And Carpenter Rd / Private Access @ Shopping Centre,North York,6003,STEELES AVE W
4681,13444138.0,Steeles Ave W,Hilda Ave,4,310492.057,4850673.973,-79.42926700000001,43.796007,4,"{u'type': u'Point', u'coordinates': (-79.4292670009, 43.7960070063)}",,,,2007-11-09T05:00:00,,HILDA AVE,STEELES AVE W,HILDA AVE,4,,1115,,32,Willowdale(18),,,,Steeles Ave W And Hilda Ave,North York,6004,STEELES AVE W
4682,13451893.0,Albion Rd,Silverstone Dr,5,296738.06899999996,4844782.178,-79.600094,43.742952,5,"{u'type': u'Point', u'coordinates': (-79.6000939933, 43.7429520013)}",,,,2007-11-09T05:00:00,,SILVERSTONE DR,ALBION RD,SILVERSTONE DR,5,,1156,,23,Etobicoke North(1),,,,Albion Rd And Silverstone Dr,Etobicoke York,6005,ALBION RD
4683,13459576.0,Dixon Rd,Kipling Ave,6,300072.37,4839368.29,-79.558649,43.694249,6,"{u'type': u'Point', u'coordinates': (-79.5586490059, 43.6942490045)}",,,,2008-03-18T04:00:00,,KIPLING AVE,DIXON RD,KIPLING AVE,6,,435,,23,Etobicoke North(1),,Etobicoke Centre(2),,Dixon Rd And Kipling Ave,Etobicoke York,6007,DIXON RD
4684,13448601.0,Steeles Ave W,Islington Ave,7,298771.768,4847156.495,-79.574871,43.764343,7,"{u'type': u'Point', u'coordinates': (-79.5748709931, 43.7643430031)}",,,,2008-10-28T04:00:00,,ISLINGTON AVE,STEELES AVE W,ISLINGTON AVE,7,,1208,,31,Humber River-Black Creek(7),,,,Steeles Ave W And Islington Ave,Etobicoke York,6008,STEELES AVE W
4685,13450231.0,Sheppard Ave W,Wilson Heights Blvd,8,308282.925,4845745.977,-79.456751,43.751663,8,"{u'type': u'Point', u'coordinates': (-79.4567510019, 43.751663001)}",,,,2009-03-17T04:00:00,,WILSON HEIGHTS BLVD,SHEPPARD AVE W,WILSON HEIGHTS BLVD,8,,631,,32,York Centre(6),,,,Sheppard Ave W And Wilson Heights Blvd,North York,6009,SHEPPARD AVE W
4686,13449607.0,Bathurst St,Sheppard Ave W,9,309753.93,4846168.518,-79.43848100000001,43.755458000000004,9,"{u'type': u'Point', u'coordinates': (-79.4384810044, 43.7554580029)}",,,,2007-11-09T05:00:00,,SHEPPARD AVE W,BATHURST ST,SHEPPARD AVE W,9,,672,,32,York Centre(6),,,,Bathurst St And Sheppard Ave W,North York,6010,BATHURST ST
4687,13455749.0,Lawrence Ave W,Marlee Ave,10,309109.43100000004,4841741.672,-79.44651999999999,43.715615,10,"{u'type': u'Point', u'coordinates': (-79.4465200053, 43.7156150035)}",,13.0,,2008-03-19T04:00:00,PRIVATE ACCESS,MARLEE AVE,LAWRENCE AVE W,MARLEE AVE,10,LAWRENCE SQUARE ACCESS,425,,32,Eglinton-Lawrence(8),,,,Lawrence Ave W And Marlee Ave / Private Access @ Lawrence Square Access,North York,6011,LAWRENCE AVE W
4688,13455135.0,Bathurst St,Lawrence Ave W,11,310455.102,4842147.397,-79.429816,43.719258,11,"{u'type': u'Point', u'coordinates': (-79.4298159904, 43.7192580018)}",,13.0,53.0,2008-08-11T04:00:00,,LAWRENCE AVE W,BATHURST ST,LAWRENCE AVE W,11,,423,,32,Eglinton-Lawrence(8),,,,Bathurst St And Lawrence Ave W,North York,6012,BATHURST ST
4689,13444532.0,Bayview Ave,Cummer Ave,12,313363.119,4850264.873,-79.393596,43.792297,12,"{u'type': u'Point', u'coordinates': (-79.393596004, 43.7922969999)}",,32.0,,2009-03-17T04:00:00,,CUMMER AVE,BAYVIEW AVE,CUMMER AVE,12,,651,,33,Willowdale(18),,Don Valley North(17),,Bayview Ave And Cummer Ave,North York,6013,BAYVIEW AVE
4690,13445882.0,Finch Ave E,Willowdale Ave,13,312277.28,4849077.938,-79.407105,43.781625,13,"{u'type': u'Point', u'coordinates': (-79.4071050001, 43.7816250044)}",,,,2009-03-17T04:00:00,,WILLOWDALE AVE,FINCH AVE E,WILLOWDALE AVE,13,,807,,32,Willowdale(18),,,,Finch Ave E And Willowdale Ave,North York,6014,FINCH AVE E
4691,13452717.0,Leslie St,Lawrence Ave E,14,316401.596,4843852.294,-79.355979,43.734535,14,"{u'type': u'Point', u'coordinates': (-79.3559789976, 43.7345350021)}",,,,2008-05-29T04:00:00,,LAWRENCE AVE E,LESLIE ST,LAWRENCE AVE E,14,,400,,33,Don Valley West(15),,Don Valley East(16),,Leslie St And Lawrence Ave E,North York,6015,LESLIE ST
4692,13449822.0,Leslie St,York Mills Rd,15,316076.644,4845898.023,-79.35996999999999,43.752953999999995,15,"{u'type': u'Point', u'coordinates': (-79.3599699911, 43.7529540025)}",,,,2009-08-05T04:00:00,,YORK MILLS RD,LESLIE ST,YORK MILLS RD,15,,755,,33,Don Valley West(15),,Don Valley East(16),,Leslie St And York Mills Rd,North York,6016,LESLIE ST
4693,13448765.0,Bayview Ave,Truman Rd,16,313928.145,4846742.627,-79.386635,43.760585999999996,16,"{u'type': u'Point', u'coordinates': (-79.3866350029, 43.7605860032)}",,32.0,,2008-03-31T04:00:00,FIFESHIRE RD,TRUMAN RD,BAYVIEW AVE,TRUMAN RD,16,,1083,,33,Don Valley West(15),,,,Bayview Ave And Truman Rd / Fifeshire Rd,North York,6017,BAYVIEW AVE
4694,14038170.0,Midland Ave,McNicoll Ave,17,321515.54600000003,4852755.714,-79.292218,43.814578000000004,17,"{u'type': u'Point', u'coordinates': (-79.2922180081, 43.8145780077)}",,,,2008-10-09T04:00:00,,MCNICOLL AVE,MIDLAND AVE,MCNICOLL AVE,17,,1540,,42,Scarborough-Agincourt(22),,Scarborough North(23),,Midland Ave And Mcnicoll Ave,Scarborough,6018,MIDLAND AVE
4695,13441903.0,Steeles Ave E,Birchmount Rd,18,319526.255,4853508.039,-79.316925,43.821391999999996,18,"{u'type': u'Point', u'coordinates': (-79.3169249962, 43.821392004)}",,,,2009-03-17T04:00:00,,BIRCHMOUNT RD,STEELES AVE E,BIRCHMOUNT RD,18,,1363,,42,Scarborough-Agincourt(22),,,,Steeles Ave E And Birchmount Rd,Scarborough,6019,STEELES AVE E
4696,13446799.0,Warden Ave,Arkona Dr,19,320469.463,4848143.835,-79.305356,43.773089,19,"{u'type': u'Point', u'coordinates': (-79.30535601, 43.7730890055)}",,,,2008-08-11T04:00:00,CLOVERLEAF GT,ARKONA DR,WARDEN AVE,ARKONA DR,19,,927,,42,Scarborough-Agincourt(22),,,,Warden Ave And Arkona Dr / Cloverleaf Gt,Scarborough,6020,WARDEN AVE
4697,13441677.0,Steeles Ave E,Brimley Rd,20,321915.153,4854280.554,-79.28720200000001,43.828294,20,"{u'type': u'Point', u'coordinates': (-79.2872019972, 43.8282939976)}",,,,2008-05-29T04:00:00,,BRIMLEY RD,STEELES AVE E,BRIMLEY RD,20,,1491,,42,Scarborough North(23),,,,Steeles Ave E And Brimley Rd,Scarborough,6021,STEELES AVE E
4698,13465757.0,College St,Bathurst St,21,312243.092,4835174.928,-79.40772199999999,43.656481,21,"{u'type': u'Point', u'coordinates': (-79.4077219983, 43.6564810048)}",,,,2008-08-11T04:00:00,,BATHURST ST,COLLEGE ST,BATHURST ST,21,,300,,14,University-Rosedale(11),,,,College St And Bathurst St,Toronto and East York,6022,COLLEGE ST
4699,13447211.0,Morningside Ave,Lawrence Ave E,22,330061.863,4847653.228,-79.186225,43.768408,22,"{u'type': u'Point', u'coordinates': (-79.1862250064, 43.7684080038)}",,,,2008-08-11T04:00:00,,LAWRENCE AVE E,MORNINGSIDE AVE,LAWRENCE AVE E,22,,499,,43,Scarborough-Guildwood(24),,Scarborough-Rouge Park(25),,Morningside Ave And Lawrence Ave E,Scarborough,6023,MORNINGSIDE AVE
4700,13461025.0,Dixon Rd,Carlingview Dr,23,297095.57399999996,4838538.732,-79.595566,43.686757,23,"{u'type': u'Point', u'coordinates': (-79.5955659977, 43.6867570036)}",,,,2009-03-19T04:00:00,,CARLINGVIEW DR,DIXON RD,CARLINGVIEW DR,23,,536,,23,Etobicoke North(1),,,,Dixon Rd And Carlingview Dr,Etobicoke York,6024,DIXON RD
4701,13457150.0,Dufferin St,Glencairn Ave,24,308573.308,4840782.26,-79.45318,43.706982,24,"{u'type': u'Point', u'coordinates': (-79.4531800072, 43.706982004)}",,,,2009-03-19T04:00:00,,GLENCAIRN AVE,DUFFERIN ST,GLENCAIRN AVE,24,,613,,13,Eglinton-Lawrence(8),,,,Dufferin St And Glencairn Ave,North York,6025,DUFFERIN ST
4702,13456854.0,Overlea Blvd,Thorncliffe Park Dr,25,317402.442,4840847.626,-79.343625,43.707473,25,"{u'type': u'Point', u'coordinates': (-79.3436250026, 43.707473006)}",,,,2008-10-29T04:00:00,,THORNCLIFFE PARK DR,OVERLEA BLVD,THORNCLIFFE PARK DR,25,,679,EAST INTERSECTION,53,Don Valley West(15),,,,Overlea Blvd And Thorncliffe Park Dr,North York,6026,OVERLEA BLVD
4703,13447843.0,Kennedy Rd,Ellesmere Rd,26,322426.06,4847339.153,-79.28107800000001,43.765802,26,"{u'type': u'Point', u'coordinates': (-79.281078007, 43.7658020019)}",,,,2008-03-28T04:00:00,,ELLESMERE RD,KENNEDY RD,ELLESMERE RD,26,,696,,41,Scarborough Centre(21),,,,Kennedy Rd And Ellesmere Rd,Scarborough,6027,KENNEDY RD
4704,13444761.0,Leslie St,Finch Ave E,27,315418.032,4850013.973,-79.36806700000001,43.790012,27,"{u'type': u'Point', u'coordinates': (-79.3680670004, 43.7900119962)}",,,,2008-10-21T04:00:00,,FINCH AVE E,LESLIE ST,FINCH AVE E,27,,868,,33,Don Valley North(17),,,,Leslie St And Finch Ave E,North York,6028,LESLIE ST
4705,13444601.0,Birchmount Rd,Huntingwood Dr,28,320711.282,4850072.06,-79.302295,43.790440000000004,28,"{u'type': u'Point', u'coordinates': (-79.3022949978, 43.7904399965)}",,,,2009-03-17T04:00:00,,HUNTINGWOOD DR,BIRCHMOUNT RD,HUNTINGWOOD DR,28,,987,,42,Scarborough-Agincourt(22),,,,Birchmount Rd And Huntingwood Dr,Scarborough,6029,BIRCHMOUNT RD
4706,13443303.0,Kingston Rd,Port Union Rd,29,333267.92100000003,4851056.442,-79.14622299999999,43.798924,29,"{u'type': u'Point', u'coordinates': (-79.1462229994, 43.7989240015)}",,,,2008-03-18T04:00:00,SHEPPARD AVE E,PORT UNION RD,KINGSTON RD,PORT UNION RD,29,,1201,,42,Scarborough-Rouge Park(25),,,,Kingston Rd And Port Union Rd / Sheppard Ave E,Scarborough,6030,KINGSTON RD
4707,13468898.0,Bloor St W,The West Mall,30,299771.726,4832855.695,-79.562318,43.635625,30,"{u'type': u'Point', u'coordinates': (-79.5623179959, 43.635624994)}",,,,2009-03-19T04:00:00,,THE WEST MALL,BLOOR ST W,THE WEST MALL,30,,793,,22,Etobicoke Centre(2),,,,Bloor St W And The West Mall,Etobicoke York,6031,BLOOR ST W
4708,13470138.0,The Queensway,The West Mall,31,299740.804,4830265.232,-79.56267700000001,43.612307,31,"{u'type': u'Point', u'coordinates': (-79.5626769978, 43.6123069968)}",,,,2008-11-20T05:00:00,,THE WEST MALL,THE QUEENSWAY,THE WEST MALL,31,,912,,22,Etobicoke-Lakeshore(3),,,,The Queensway And The West Mall,Etobicoke York,6032,THE QUEENSWAY
4709,13470661.0,Lake Shore Blvd W,Thirty Seventh St,32,301717.201,4828163.145,-79.53818000000001,43.593396000000006,32,"{u'type': u'Point', u'coordinates': (-79.5381799941, 43.5933960003)}",,,,2009-03-19T04:00:00,PRIVATE ACCESS,THIRTY SEVENTH ST,LAKE SHORE BLVD W,THIRTY SEVENTH ST,32,,241,,22,Etobicoke-Lakeshore(3),,,,Lake Shore Blvd W And Thirty Seventh St / Private Access,Etobicoke York,6033,LAKE SHORE BLVD W
4710,13470261.0,Kipling Ave,Horner Ave,33,303124.868,4829696.289,-79.520751,43.607201,33,"{u'type': u'Point', u'coordinates': (-79.5207509976, 43.6072009968)}",,,,2008-03-19T04:00:00,,HORNER AVE,KIPLING AVE,HORNER AVE,33,,764,,22,Etobicoke-Lakeshore(3),,,,Kipling Ave And Horner Ave,Etobicoke York,6034,KIPLING AVE
4711,13470082.0,The Queensway,North Queen St,34,300267.475,4830477.045,-79.556154,43.614217,34,"{u'type': u'Point', u'coordinates': (-79.5561539918, 43.6142170047)}",,,,2009-04-02T04:00:00,PRIVATE ACCESS,NORTH QUEEN ST,THE QUEENSWAY,NORTH QUEEN ST,34,SHERWAY GARDENS,917,,22,Etobicoke-Lakeshore(3),,,,The Queensway And North Queen St / Private Access @ Sherway Gardens,Etobicoke York,6035,THE QUEENSWAY
4712,13453096.0,Wilson Ave,Transit Rd,35,308597.189,4843715.311000001,-79.452863,43.733383,35,"{u'type': u'Point', u'coordinates': (-79.4528629934, 43.7333830014)}",,,,2009-08-21T04:00:00,BILLY BISHOP WAY,TRANSIT RD,WILSON AVE,TRANSIT RD,35,,1237,WILSON STN ENTRANCE,32,York Centre(6),,,,Wilson Ave And Transit Rd / Billy Bishop Way,North York,6036,WILSON AVE
4713,13468807.0,Lake Shore Blvd W,Windermere Ave,36,307370.153,4832805.865,-79.468147,43.635189000000004,36,"{u'type': u'Point', u'coordinates': (-79.4681469969, 43.6351890029)}",,,,2008-05-29T04:00:00,PRIVATE ACCESS,WINDERMERE AVE,LAKE SHORE BLVD W,WINDERMERE AVE,36,,229,,11,Parkdale-High Park(4),,,,Lake Shore Blvd W And Windermere Ave / Private Access,Toronto and East York,6037,LAKE SHORE BLVD W
4714,13442867.0,Warden Ave,McNicoll Ave,37,319204.095,4851836.086,-79.320975,43.806349,37,"{u'type': u'Point', u'coordinates': (-79.3209749937, 43.8063490022)}",,,,2009-03-17T04:00:00,,MCNICOLL AVE,WARDEN AVE,MCNICOLL AVE,37,,1287,,42,Scarborough-Agincourt(22),,,,Warden Ave And Mcnicoll Ave,Scarborough,6038,WARDEN AVE
4715,13454197.0,Keele St,Wilson Ave,38,306244.619,4842965.49,-79.482069,43.726642,38,"{u'type': u'Point', u'coordinates': (-79.4820690045, 43.7266419991)}",,,,2008-05-29T04:00:00,,WILSON AVE,KEELE ST,WILSON AVE,38,,597,,31,York Centre(6),,,,Keele St And Wilson Ave,North York,6039,KEELE ST
4716,13464191.0,Lansdowne Ave,Dupont St,39,309117.692,4836310.235,-79.446461,43.666725,39,"{u'type': u'Point', u'coordinates': (-79.4464609943, 43.6667250003)}",,,,2008-03-26T04:00:00,,DUPONT ST,LANSDOWNE AVE,DUPONT ST,39,,844,,11,Davenport(9),,,,Lansdowne Ave And Dupont St,Toronto and East York,6040,LANSDOWNE AVE
4717,13468197.0,Queen St W,Lansdowne Ave,40,309883.69399999996,4833403.987,-79.43699000000001,43.64056,40,"{u'type': u'Point', u'coordinates': (-79.4369899987, 43.6405599996)}",,14.0,,2009-01-21T05:00:00,JAMESON AVE,LANSDOWNE AVE,QUEEN ST W,LANSDOWNE AVE,40,,1981,,11,Parkdale-High Park(4),,,,Queen St W And Lansdowne Ave / Jameson Ave,Toronto and East York,6041,QUEEN ST W
4718,13467689.0,Burnhamthorpe Rd,The East Mall,41,299960.262,4834041.821,-79.55999200000001,43.646303,41,"{u'type': u'Point', u'coordinates': (-79.5599919959, 43.6463030043)}",,,,2008-03-26T04:00:00,,THE EAST MALL,BURNHAMTHORPE RD,THE EAST MALL,41,,948,,22,Etobicoke Centre(2),,,,Burnhamthorpe Rd And The East Mall,Etobicoke York,6042,BURNHAMTHORPE RD
4719,13451388.0,Keele St,Sheppard Ave W,42,305891.172,4844980.149,-79.486452,43.744777,42,"{u'type': u'Point', u'coordinates': (-79.4864519948, 43.7447770044)}",,,,2009-03-17T04:00:00,,SHEPPARD AVE W,KEELE ST,SHEPPARD AVE W,42,,600,,31,York Centre(6),,,,Keele St And Sheppard Ave W,North York,6043,KEELE ST
4720,13460183.0,Jane St,Bala Ave,43,304751.55100000004,4838910.351,-79.500601,43.690142,43,"{u'type': u'Point', u'coordinates': (-79.5006009971, 43.6901420046)}",,,,2008-05-16T04:00:00,EMMETT AVE,BALA AVE,JANE ST,BALA AVE,43,,1317,,12,York South-Weston(5),,,,Jane St And Bala Ave / Emmett Ave,Etobicoke York,6045,JANE ST
4721,13451997.0,Jane St,Clair Rd,44,303697.729,4844587.204,-79.513685,43.741240000000005,44,"{u'type': u'Point', u'coordinates': (-79.5136850048, 43.7412400057)}",,,,2008-10-09T04:00:00,SPENVALLEY DR,CLAIR RD,JANE ST,CLAIR RD,44,,1127,,31,Humber River-Black Creek(7),,,,Jane St And Clair Rd / Spenvalley Dr,Etobicoke York,6046,JANE ST
4722,,,,45,320318.396,4841407.02,-79.307427,43.712453000000004,45,"{u'type': u'Point', u'coordinates': (-79.3074270054, 43.7124530075)}",,,,2008-08-11T04:00:00,YARDLEY AVE,BERMONDSEY RD,O CONNOR DR,BERMONDSEY RD,45,,448,,54,Beaches-East York(19),,,,O Connor Dr And Bermondsey Rd / Yardley Ave,Toronto and East York,6047,O CONNOR DR
4723,13458312.0,Danforth Ave,Birchmount Rd,46,323822.908,4839698.53,-79.263999,43.696993,46,"{u'type': u'Point', u'coordinates': (-79.2639990061, 43.6969930098)}",,,,2009-04-01T04:00:00,,BIRCHMOUNT RD,DANFORTH AVE,BIRCHMOUNT RD,46,,359,,41,Scarborough Southwest(20),,,,Danforth Ave And Birchmount Rd,Scarborough,6048,DANFORTH AVE
4724,13460559.0,Islington Ave,The Westway,47,301343.733,4838742.157,-79.542873,43.68862,47,"{u'type': u'Point', u'coordinates': (-79.542872997, 43.6886200015)}",,,,2008-12-10T05:00:00,,THE WESTWAY,ISLINGTON AVE,THE WESTWAY,47,,711,,23,Etobicoke Centre(2),,,,Islington Ave And The Westway,Etobicoke York,6049,ISLINGTON AVE
4725,13462422.0,Bathurst St,Davenport Rd,48,311590.37100000004,4837423.791999999,-79.415786,43.67673,48,"{u'type': u'Point', u'coordinates': (-79.4157860019, 43.6767300085)}",,,,2009-03-18T04:00:00,,DAVENPORT RD,BATHURST ST,DAVENPORT RD,48,,384,,13,Toronto-St. Paul's(12),,,,Bathurst St And Davenport Rd,Toronto and East York,6050,BATHURST ST
4726,13454488.0,Warden Ave,Comstock Rd,49,322123.613,4842420.1,-79.284993,43.721532,49,"{u'type': u'Point', u'coordinates': (-79.2849930049, 43.721532)}",,,,2008-10-28T04:00:00,,COMSTOCK RD,WARDEN AVE,COMSTOCK RD,49,,690,,41,Scarborough Southwest(20),,,,Warden Ave And Comstock Rd,Scarborough,6051,WARDEN AVE
4727,13464080.0,Eastern Ave,Coxwell Ave,50,319621.779,4836188.387,-79.316215,43.665493,50,"{u'type': u'Point', u'coordinates': (-79.3162150009, 43.6654930039)}",,,,2009-08-13T04:00:00,,COXWELL AVE,EASTERN AVE,COXWELL AVE,50,,301,,55,Toronto-Danforth(14),,Beaches-East York(19),,Eastern Ave And Coxwell Ave,Toronto and East York,6053,EASTERN AVE
4728,13446743.0,Midland Ave,Progress Ave,51,323075.391,4848136.692,-79.272986,43.772965,51,"{u'type': u'Point', u'coordinates': (-79.2729859942, 43.7729650001)}",,,,2009-04-16T04:00:00,,PROGRESS AVE,MIDLAND AVE,PROGRESS AVE,51,,691,,41,Scarborough Centre(21),,,,Midland Ave And Progress Ave,Scarborough,6055,MIDLAND AVE
4729,13448868.0,Lawrence Ave E,Bellamy Rd N,52,326117.311,4846452.151000001,-79.23526700000001,43.757721000000004,52,"{u'type': u'Point', u'coordinates': (-79.2352669931, 43.7577210091)}",,,,2009-04-01T04:00:00,,BELLAMY RD N,LAWRENCE AVE E,BELLAMY RD N,52,,416,,43,Scarborough Centre(21),,Scarborough-Guildwood(24),,Lawrence Ave E And Bellamy Rd N,Scarborough,6056,LAWRENCE AVE E
4730,13456762.0,Danforth Rd,Birchmount Rd,53,323486.82,4840809.098999999,-79.26813,43.706998,53,"{u'type': u'Point', u'coordinates': (-79.268130006, 43.7069980025)}",,,,2010-02-25T05:00:00,,BIRCHMOUNT RD,DANFORTH RD,BIRCHMOUNT RD,53,,417,,41,Scarborough Southwest(20),,,,Danforth Rd And Birchmount Rd,Scarborough,6058,DANFORTH RD
4731,13454486.0,St Clair Ave E,Brimley Rd,54,325632.364,4842357.132,-79.24144799999999,43.720875,54,"{u'type': u'Point', u'coordinates': (-79.2414479981, 43.7208750056)}",,43.0,,2009-08-21T04:00:00,,BRIMLEY RD,ST CLAIR AVE E,BRIMLEY RD,54,,497,,41,Scarborough Southwest(20),,,,St Clair Ave E And Brimley Rd,Scarborough,6059,ST CLAIR AVE E
4732,13456952.0,Keele St,Lawrence Ave W,55,306567.974,4840967.7360000005,-79.478062,43.708659000000004,55,"{u'type': u'Point', u'coordinates': (-79.4780619981, 43.7086590072)}",,,,2009-03-19T04:00:00,,LAWRENCE AVE W,KEELE ST,LAWRENCE AVE W,55,,428,,12,York South-Weston(5),,,,Keele St And Lawrence Ave W,Etobicoke York,6060,KEELE ST
4733,13464908.0,Bloor St W,Ossington Ave,56,310795.756,4835784.828,-79.425659,43.661984000000004,56,"{u'type': u'Point', u'coordinates': (-79.4256589977, 43.6619839984)}",,,,2011-11-22T05:00:00,,OSSINGTON AVE,BLOOR ST W,OSSINGTON AVE,56,,341,,14,Davenport(9),,University-Rosedale(11),,Bloor St W And Ossington Ave,Toronto and East York,6061,BLOOR ST W
4734,13461356.0,Danforth Ave,Greenwood Ave,57,318314.364,4837962.143,-79.332382,43.681484000000005,57,"{u'type': u'Point', u'coordinates': (-79.3323819969, 43.6814840035)}",,55.0,,2010-01-07T05:00:00,,GREENWOOD AVE,DANFORTH AVE,GREENWOOD AVE,57,,348,,54,Toronto-Danforth(14),,,,Danforth Ave And Greenwood Ave,Toronto and East York,6062,DANFORTH AVE
4735,13463494.0,Queen St E,Woodbine Ave,58,320462.88899999997,4836552.9180000005,-79.305775,43.668757,58,"{u'type': u'Point', u'coordinates': (-79.3057750019, 43.668757007)}",,,,2009-08-06T04:00:00,,WOODBINE AVE,QUEEN ST E,WOODBINE AVE,58,,548,,55,Beaches-East York(19),,,,Queen St E And Woodbine Ave,Toronto and East York,6063,QUEEN ST E
4736,13466630.0,King St E,Jarvis St,59,315132.458,4834510.196,-79.371913,43.650463,59,"{u'type': u'Point', u'coordinates': (-79.3719129963, 43.6504630011)}",,,,2009-08-06T04:00:00,,JARVIS ST,KING ST E,JARVIS ST,59,,3,,51,Toronto Centre(13),,,,King St E And Jarvis St,Toronto and East York,6064,KING ST E
4737,13465164.0,Lake Shore Blvd E,Leslie St,60,318637.625,4835491.047,-79.328436,43.659234999999995,60,"{u'type': u'Point', u'coordinates': (-79.3284359943, 43.6592350041)}",,,,2009-08-06T04:00:00,,LESLIE ST,LAKE SHORE BLVD E,LESLIE ST,60,,206,,55,Toronto-Danforth(14),,,,Lake Shore Blvd E And Leslie St,Toronto and East York,6065,LAKE SHORE BLVD E
4738,13467011.0,Lower Jarvis St,The Esplanade,61,315211.979,4834261.688999999,-79.370932,43.648225,61,"{u'type': u'Point', u'coordinates': (-79.3709320014, 43.6482249963)}",,,,2009-08-06T04:00:00,,THE ESPLANADE,LOWER JARVIS ST,THE ESPLANADE,61,,1392,,51,Spadina-Fort York(10),,Toronto Centre(13),,Lower Jarvis St And The Esplanade,Toronto and East York,6066,LOWER JARVIS ST
4739,13465837.0,Lake Shore Blvd E,Carlaw Ave,62,317912.814,4835014.657,-79.337434,43.654959999999996,62,"{u'type': u'Point', u'coordinates': (-79.3374340022, 43.6549600017)}",,,,2009-08-06T04:00:00,,CARLAW AVE,LAKE SHORE BLVD E,CARLAW AVE,62,,207,,55,Toronto-Danforth(14),,,,Lake Shore Blvd E And Carlaw Ave,Toronto and East York,6067,LAKE SHORE BLVD E
4740,13461587.0,Rogers Rd,Keele St,63,307089.914,4838021.316000001,-79.471598,43.682136,63,"{u'type': u'Point', u'coordinates': (-79.4715979979, 43.6821360027)}",,,,2009-09-08T04:00:00,,KEELE ST,ROGERS RD,KEELE ST,63,,394,,12,York South-Weston(5),,,,Rogers Rd And Keele St,Etobicoke York,6068,ROGERS RD
4741,13468300.0,Dundas St W,Bloor St W,64,308635.125,4835154.114,-79.452453,43.656321000000005,64,"{u'type': u'Point', u'coordinates': (-79.4524529944, 43.6563210073)}",,,,2009-08-11T04:00:00,,BLOOR ST W,DUNDAS ST W,BLOOR ST W,64,,327,,11,Parkdale-High Park(4),,,,Dundas St W And Bloor St W,Toronto and East York,6069,DUNDAS ST W
4742,,,,65,312679.907,4842798.784,-79.40219499999999,43.725101,65,"{u'type': u'Point', u'coordinates': (-79.4021950066, 43.7251010003)}",,53.0,,2009-08-05T04:00:00,,LAWRENCE AVE,YONGE ST,LAWRENCE AVE,65,,55,,32,Eglinton-Lawrence(8),,Don Valley West(15),,Yonge St And Lawrence Ave,North York,6070,YONGE ST
4743,13467308.0,Spadina Ave,Adelaide St W,66,313224.627,4834093.919,-79.39556999999999,43.64674,66,"{u'type': u'Point', u'coordinates': (-79.3955699993, 43.6467399997)}",,52.0,,2009-11-13T05:00:00,,ADELAIDE ST W,SPADINA AVE,ADELAIDE ST W,66,,274,,14,Spadina-Fort York(10),,,,Spadina Ave And Adelaide St W,Toronto and East York,6071,SPADINA AVE
4744,13457863.0,Eglinton Ave W,Spadina Rd,67,311319.734,4840269.891,-79.419108,43.702351,67,"{u'type': u'Point', u'coordinates': (-79.4191080087, 43.7023509956)}",,53.0,,2010-01-07T05:00:00,,SPADINA RD,EGLINTON AVE W,SPADINA RD,67,,99,,13,Eglinton-Lawrence(8),,Toronto-St. Paul's(12),,Eglinton Ave W And Spadina Rd,North York,6072,EGLINTON AVE W
4745,13452266.0,Lawrence Ave E,Don Mills Rd,68,317410.476,4844147.196,-79.343448,43.737173,68,"{u'type': u'Point', u'coordinates': (-79.3434479955, 43.7371730051)}",,,,2009-09-10T04:00:00,,DON MILLS RD,LAWRENCE AVE E,DON MILLS RD,68,,402,,33,Don Valley East(16),,,,Lawrence Ave E And Don Mills Rd,North York,6074,LAWRENCE AVE E
4746,13443509.0,Neilson Rd,Sheppard Ave E,69,327519.38800000004,4850945.255,-79.217665,43.798122,69,"{u'type': u'Point', u'coordinates': (-79.2176650081, 43.7981220089)}",,,,2009-08-04T04:00:00,,SHEPPARD AVE E,NEILSON RD,SHEPPARD AVE E,69,,1222,,42,Scarborough North(23),,Scarborough-Rouge Park(25),,Neilson Rd And Sheppard Ave E,Scarborough,6075,NEILSON RD
4747,13443955.0,Sheppard Ave E,Malvern St,70,326131.23,4850556.265,-79.234931,43.794662,70,"{u'type': u'Point', u'coordinates': (-79.2349310078, 43.7946620094)}",,,,2009-08-04T04:00:00,PROGRESS AVE,MALVERN ST,SHEPPARD AVE E,MALVERN ST,70,,1568,,42,Scarborough North(23),,,,Sheppard Ave E And Malvern St / Progress Ave,Scarborough,6076,SHEPPARD AVE E
4748,13444869.0,Ellesmere Rd,Military Trl,71,329886.403,4849671.223999999,-79.18831,43.786578000000006,71,"{u'type': u'Point', u'coordinates': (-79.1883100064, 43.7865780024)}",,,,2009-08-05T04:00:00,,MILITARY TRL,ELLESMERE RD,MILITARY TRL,71,,1195,,43,Scarborough-Rouge Park(25),,,,Ellesmere Rd And Military Trl,Scarborough,6077,ELLESMERE RD
4749,14228400.0,Kennedy Rd,401 C E Kennedy Rd Ramp,72,322199.288,4848159.012,-79.283868,43.773187,72,"{u'type': u'Point', u'coordinates': (-79.2838680047, 43.7731870022)}",,,,2017-12-19T05:00:00,WILLIAM KITCHEN RD,401 C E KENNEDY RD RAMP,KENNEDY RD,401 C E KENNEDY RD RAMP,72,,920,HWY 401 SOUTH INTERSECTION,41,Scarborough Centre(21),,,,Kennedy Rd And 401 C E Kennedy Rd Ramp / William Kitchen Rd,Scarborough,6078,KENNEDY RD
4750,13466730.0,University Ave,Richmond St W,73,313972.67699999997,4834466.735,-79.386291,43.650087,73,"{u'type': u'Point', u'coordinates': (-79.3862910071, 43.650086999)}",,,,2017-07-24T04:00:00,,RICHMOND ST W,UNIVERSITY AVE,RICHMOND ST W,73,,79,,52,Spadina-Fort York(10),,,,University Ave And Richmond St W,Toronto and East York,6079,UNIVERSITY AVE
4751,13466117.0,Adelaide St E,Parliament St,74,315802.642,4834855.768,-79.363598,43.653564,74,"{u'type': u'Point', u'coordinates': (-79.3635979984, 43.6535639991)}",,,,2017-06-05T04:00:00,,PARLIAMENT ST,ADELAIDE ST E,PARLIAMENT ST,74,,214,,51,Toronto Centre(13),,,,Adelaide St E And Parliament St,Toronto and East York,6080,ADELAIDE ST E
4752,13466931.0,University Ave,Adelaide St W,75,314032.155,4834331.504,-79.38555600000001,43.648869,75,"{u'type': u'Point', u'coordinates': (-79.3855560014, 43.6488690023)}",,,,2017-10-20T04:00:00,,ADELAIDE ST W,UNIVERSITY AVE,ADELAIDE ST W,75,,78,,52,Spadina-Fort York(10),,,,University Ave And Adelaide St W,Toronto and East York,6081,UNIVERSITY AVE
4753,13460075.0,Dixon Rd,Martin Grove Rd,76,299089.577,4839073.877,-79.570838,43.691592,76,"{u'type': u'Point', u'coordinates': (-79.5708379982, 43.6915920028)}",,,,2017-07-10T04:00:00,,MARTIN GROVE RD,DIXON RD,MARTIN GROVE RD,76,,437,,23,Etobicoke North(1),,Etobicoke Centre(2),,Dixon Rd And Martin Grove Rd,Etobicoke York,6082,DIXON RD
4754,13466604.0,University Ave,Queen St W,77,313945.376,4834551.685,-79.386628,43.650852,77,"{u'type': u'Point', u'coordinates': (-79.3866280047, 43.6508519992)}",,,,2017-08-31T04:00:00,,QUEEN ST W,UNIVERSITY AVE,QUEEN ST W,77,,80,,52,Spadina-Fort York(10),,,,University Ave And Queen St W,Toronto and East York,6083,UNIVERSITY AVE
4755,13454197.0,Keele St,Wilson Ave,78,306244.619,4842965.49,-79.482069,43.726642,78,"{u'type': u'Point', u'coordinates': (-79.4820690045, 43.7266419991)}",,,,2017-10-20T04:00:00,,WILSON AVE,KEELE ST,WILSON AVE,78,,597,,31,York Centre(6),,,,Keele St And Wilson Ave,North York,6084,KEELE ST
4756,13468307.0,Lake Shore Blvd W,Spadina Ave,79,313495.591,4833173.627,-79.39222600000001,43.638453000000005,79,"{u'type': u'Point', u'coordinates': (-79.3922259987, 43.6384530046)}",,52.0,,2017-08-08T04:00:00,LOWER SPADINA AVE,SPADINA AVE,LAKE SHORE BLVD W,SPADINA AVE,79,,215,E/B LAKE SHORE BLVD,14,Spadina-Fort York(10),,,,Lake Shore Blvd W And Spadina Ave / Lower Spadina Ave,Toronto and East York,6085,LAKE SHORE BLVD W
4757,13469683.0,Lake Shore Blvd W,Park Lawn Rd,80,306316.352,4831447.866,-79.481211,43.622968,80,"{u'type': u'Point', u'coordinates': (-79.4812110097, 43.6229680112)}",,,,2017-10-06T04:00:00,MARINE PARADE DR,PARK LAWN RD,LAKE SHORE BLVD W,PARK LAWN RD,80,,230,,22,Etobicoke-Lakeshore(3),,,,Lake Shore Blvd W And Park Lawn Rd / Marine Parade Dr,Etobicoke York,6086,LAKE SHORE BLVD W
4758,13447964.0,Sheppard Ave E,Bayview Ave,81,313812.825,4847409.384,-79.388056,43.766589,81,"{u'type': u'Point', u'coordinates': (-79.3880560012, 43.7665890046)}",,32.0,,2017-07-14T04:00:00,,BAYVIEW AVE,SHEPPARD AVE E,BAYVIEW AVE,81,,648,,33,Willowdale(18),,Don Valley North(17),,Sheppard Ave E And Bayview Ave,North York,6087,SHEPPARD AVE E
4759,13447719.0,Steeles Ave W,Weston Rd,82,301054.333,4847814.5139999995,-79.546526,43.770281,82,"{u'type': u'Point', u'coordinates': (-79.5465260053, 43.770281001)}",,,,2017-10-30T04:00:00,,WESTON RD,STEELES AVE W,WESTON RD,82,,1289,,31,Humber River-Black Creek(7),,,,Steeles Ave W And Weston Rd,Etobicoke York,6088,STEELES AVE W
4760,13448786.0,Lawrence Ave E,Greencedar Crct,83,326293.49199999997,4846504.154,-79.23307700000001,43.758184,83,"{u'type': u'Point', u'coordinates': (-79.233076999, 43.7581840044)}",,,,2017-03-10T05:00:00,GREENBRAE CRCT,GREENCEDAR CRCT,LAWRENCE AVE E,GREENCEDAR CRCT,83,,419,,43,Scarborough-Guildwood(24),,,,Lawrence Ave E And Greencedar Crct / Greenbrae Crct,Scarborough,6089,LAWRENCE AVE E
4761,13443562.0,Finch Ave E,Birchmount Rd,84,320412.405,4851022.1280000005,-79.305981,43.798998,84,"{u'type': u'Point', u'coordinates': (-79.3059809952, 43.7989979995)}",,,,2017-03-10T05:00:00,,BIRCHMOUNT RD,FINCH AVE E,BIRCHMOUNT RD,84,,1138,,42,Scarborough-Agincourt(22),,,,Finch Ave E And Birchmount Rd,Scarborough,6090,FINCH AVE E
4762,13468751.0,Bloor St W,The East Mall,85,300224.4,4833000.238,-79.556709,43.636928999999995,85,"{u'type': u'Point', u'coordinates': (-79.5567089997, 43.636929001)}",,,,2017-12-19T05:00:00,,THE EAST MALL,BLOOR ST W,THE EAST MALL,85,,792,,22,Etobicoke Centre(2),,Etobicoke-Lakeshore(3),,Bloor St W And The East Mall,Etobicoke York,6092,BLOOR ST W
4763,13455040.0,Wilson Ave,Jane St,86,304104.332,4842329.125,-79.508634,43.720915000000005,86,"{u'type': u'Point', u'coordinates': (-79.5086339938, 43.720915002)}",,,,2017-03-09T05:00:00,,JANE ST,WILSON AVE,JANE ST,86,,532,,31,Humber River-Black Creek(7),,York Centre(6),,Wilson Ave And Jane St,Etobicoke York,6094,WILSON AVE
4764,13442867.0,Warden Ave,McNicoll Ave,87,319204.095,4851836.086,-79.320975,43.806349,87,"{u'type': u'Point', u'coordinates': (-79.3209749937, 43.8063490022)}",,,,2017-03-10T05:00:00,,MCNICOLL AVE,WARDEN AVE,MCNICOLL AVE,87,,1287,,42,Scarborough-Agincourt(22),,,,Warden Ave And Mcnicoll Ave,Scarborough,6095,WARDEN AVE
4765,13446042.0,Steeles Ave W,Keele St,88,305242.222,4849068.648,-79.494506,43.781579,88,"{u'type': u'Point', u'coordinates': (-79.4945059992, 43.7815790029)}",,,,2017-03-10T05:00:00,,KEELE ST,STEELES AVE W,KEELE ST,88,,602,,31,Humber River-Black Creek(7),,York Centre(6),,Steeles Ave W And Keele St,Etobicoke York,6097,STEELES AVE W
4766,13467345.0,University Ave,Wellington St W,89,314150.077,4834055.487,-79.38409899999999,43.646383,89,"{u'type': u'Point', u'coordinates': (-79.3840989923, 43.6463830047)}",,,,2017-09-06T04:00:00,,WELLINGTON ST W,UNIVERSITY AVE,WELLINGTON ST W,89,,76,,52,Spadina-Fort York(10),,,,University Ave And Wellington St W,Toronto and East York,6098,UNIVERSITY AVE
4767,13452362.0,Albion Rd,Kipling Ave,90,298323.785,4844421.833000001,-79.580402,43.739724,90,"{u'type': u'Point', u'coordinates': (-79.5804020029, 43.7397240059)}",,,,2017-07-10T04:00:00,,KIPLING AVE,ALBION RD,KIPLING AVE,90,,734,,23,Etobicoke North(1),,,,Albion Rd And Kipling Ave,Etobicoke York,6099,ALBION RD
4768,13469800.0,The Queensway,Kipling Ave,91,302641.813,4831220.298,-79.526741,43.620917999999996,91,"{u'type': u'Point', u'coordinates': (-79.5267410053, 43.6209179957)}",,,,2018-09-05T04:00:00,,KIPLING AVE,THE QUEENSWAY,KIPLING AVE,91,,568,,22,Etobicoke-Lakeshore(3),,,,The Queensway And Kipling Ave,Etobicoke York,6100,THE QUEENSWAY
4769,13444088.0,Finch Ave E,Gordon Baker Rd,92,317574.298,4850588.244,-79.341261,43.795147,92,"{u'type': u'Point', u'coordinates': (-79.3412610046, 43.795147)}",,,,2017-11-30T05:00:00,FINCH E 404 N RAMP,GORDON BAKER RD,FINCH AVE E,GORDON BAKER RD,92,,1181,,33,Don Valley North(17),,,,Finch Ave E And Gordon Baker Rd / Finch E 404 N Ramp,North York,6101,FINCH AVE E
4770,13463674.0,Jarvis St,Isabella St,93,314521.331,4836556.757,-79.379452,43.668893,93,"{u'type': u'Point', u'coordinates': (-79.379452005, 43.6688930027)}",,,,2017-03-13T04:00:00,,ISABELLA ST,JARVIS ST,ISABELLA ST,93,,12,,51,Toronto Centre(13),,,,Jarvis St And Isabella St,Toronto and East York,6102,JARVIS ST
4771,13452352.0,Danforth Rd,Brimley Rd,94,325149.24,4843944.106000001,-79.247384,43.735172999999996,94,"{u'type': u'Point', u'coordinates': (-79.247384001, 43.7351730038)}",,43.0,,2017-03-10T05:00:00,,BRIMLEY RD,DANFORTH RD,BRIMLEY RD,94,,378,,41,Scarborough Southwest(20),,,,Danforth Rd And Brimley Rd,Scarborough,6103,DANFORTH RD
4772,13464879.0,Dundas St E,River St,95,316239.679,4835704.598,-79.358162,43.661198,95,"{u'type': u'Point', u'coordinates': (-79.3581619937, 43.6611979985)}",,,,2017-07-10T04:00:00,,RIVER ST,DUNDAS ST E,RIVER ST,95,,293,,51,Toronto Centre(13),,,,Dundas St E And River St,Toronto and East York,6104,DUNDAS ST E
4773,13442036.0,McCowan Rd,McNicoll Ave,96,323142.614,4853133.6219999995,-79.27198,43.817941,96,"{u'type': u'Point', u'coordinates': (-79.2719800058, 43.8179410083)}",,,,2017-03-14T04:00:00,,MCNICOLL AVE,MCCOWAN RD,MCNICOLL AVE,96,,1493,,42,Scarborough North(23),,,,Mccowan Rd And Mcnicoll Ave,Scarborough,6105,MCCOWAN RD
4774,13463362.0,St Clair Ave W,Gunns Rd,97,307128.53,4836870.943,-79.471124,43.671781,97,"{u'type': u'Point', u'coordinates': (-79.4711240064, 43.6717810093)}",,11.0,,2017-07-10T04:00:00,OLD STOCK YARDS RD,GUNNS RD,ST CLAIR AVE W,GUNNS RD,97,HOME DEPOT ENTRANCE,1404,,12,York South-Weston(5),,,,St Clair Ave W And Gunns Rd / Old Stock Yards Rd @ Home Depot Entrance,Etobicoke York,6106,ST CLAIR AVE W
4775,13467505.0,Spadina Ave,King St W,98,313267.078,4833952.883,-79.395046,43.64547,98,"{u'type': u'Point', u'coordinates': (-79.3950459963, 43.645470003)}",,52.0,,2017-11-03T04:00:00,,KING ST W,SPADINA AVE,KING ST W,98,,273,,14,Spadina-Fort York(10),,,,Spadina Ave And King St W,Toronto and East York,6107,SPADINA AVE
4776,13444619.0,Sheppard Ave E,McCowan Rd,99,324208.963,4849990.231000001,-79.258838,43.78962,99,"{u'type': u'Point', u'coordinates': (-79.2588380089, 43.7896200076)}",,,,2017-03-10T05:00:00,,MCCOWAN RD,SHEPPARD AVE E,MCCOWAN RD,99,,938,,42,Scarborough North(23),,,,Sheppard Ave E And Mccowan Rd,Scarborough,6108,SHEPPARD AVE E
4777,13466241.0,King St E,Parliament St,100,315831.268,4834763.051,-79.36324499999999,43.652729,100,"{u'type': u'Point', u'coordinates': (-79.3632450108, 43.6527289987)}",,,,2017-03-10T05:00:00,,PARLIAMENT ST,KING ST E,PARLIAMENT ST,100,,245,,51,Toronto Centre(13),,,,King St E And Parliament St,Toronto and East York,6109,KING ST E
4778,13456327.0,Rexdale Blvd,Martin Grove Rd,101,298263.37899999996,4841546.728999999,-79.581117,43.713844,101,"{u'type': u'Point', u'coordinates': (-79.5811170102, 43.7138439993)}",,,,2017-04-11T04:00:00,,MARTIN GROVE RD,REXDALE BLVD,MARTIN GROVE RD,101,,790,,23,Etobicoke North(1),,,,Rexdale Blvd And Martin Grove Rd,Etobicoke York,6110,REXDALE BLVD
4779,13469998.0,The Queensway,The East Mall,102,301064.036,4830721.182,-79.546287,43.616419,102,"{u'type': u'Point', u'coordinates': (-79.5462869918, 43.6164190043)}",,,,2017-10-06T04:00:00,,THE EAST MALL,THE QUEENSWAY,THE EAST MALL,102,,911,,22,Etobicoke-Lakeshore(3),,,,The Queensway And The East Mall,Etobicoke York,6111,THE QUEENSWAY
4780,13460975.0,St Clair Ave W,Spadina Rd,103,311961.711,4838301.274,-79.411169,43.684625,103,"{u'type': u'Point', u'coordinates': (-79.411169006, 43.684625004)}",,53.0,,2017-07-14T04:00:00,,SPADINA RD,ST CLAIR AVE W,SPADINA RD,103,,479,,13,Toronto-St. Paul's(12),,,,St Clair Ave W And Spadina Rd,Toronto and East York,6112,ST CLAIR AVE W
4781,13447779.0,Dufferin St,Finch Ave W,104,307462.67,4847655.237,-79.466927,43.768852,104,"{u'type': u'Point', u'coordinates': (-79.4669269987, 43.7688520058)}",,,,2017-06-05T04:00:00,,FINCH AVE W,DUFFERIN ST,FINCH AVE W,104,,618,,32,York Centre(6),,,,Dufferin St And Finch Ave W,North York,6113,DUFFERIN ST
4782,13469914.0,Islington Ave,Evans Ave,105,303885.712,4830939.502,-79.511328,43.618393,105,"{u'type': u'Point', u'coordinates': (-79.5113280069, 43.6183930021)}",,,,2017-06-05T04:00:00,,EVANS AVE,ISLINGTON AVE,EVANS AVE,105,,775,,22,Etobicoke-Lakeshore(3),,,,Islington Ave And Evans Ave,Etobicoke York,6114,ISLINGTON AVE
4783,13463137.0,Eglinton Ave W,Martin Grove Rd,106,299705.781,4837171.988,-79.563176,43.674477,106,"{u'type': u'Point', u'coordinates': (-79.5631760035, 43.6744770028)}",,22.0,,2017-07-10T04:00:00,,MARTIN GROVE RD,EGLINTON AVE W,MARTIN GROVE RD,106,,786,,23,Etobicoke North(1),,Etobicoke Centre(2),,Eglinton Ave W And Martin Grove Rd,Etobicoke York,6115,EGLINTON AVE W
4784,13442866.0,Finch Ave E,Brimley Rd,107,322710.27,4851773.157,-79.2774,43.805706,107,"{u'type': u'Point', u'coordinates': (-79.2773999905, 43.8057060076)}",,,,2017-03-10T05:00:00,,BRIMLEY RD,FINCH AVE E,BRIMLEY RD,107,,1178,,42,Scarborough North(23),,,,Finch Ave E And Brimley Rd,Scarborough,6116,FINCH AVE E
4785,13468970.0,Lake Shore Blvd W,Jameson Ave,108,310080.13800000004,4832602.151000001,-79.434563,43.633340999999994,108,"{u'type': u'Point', u'coordinates': (-79.4345630019, 43.6333410037)}",,,,2017-07-10T04:00:00,,JAMESON AVE,LAKE SHORE BLVD W,JAMESON AVE,108,,224,,14,Parkdale-High Park(4),,,,Lake Shore Blvd W And Jameson Ave,Toronto and East York,6117,LAKE SHORE BLVD W
4786,13452053.0,Eglinton Ave E,Danforth Rd,109,325246.86199999996,4844158.155,-79.24616400000001,43.737097,109,"{u'type': u'Point', u'coordinates': (-79.2461639921, 43.7370970035)}",,,,2017-03-10T05:00:00,,DANFORTH RD,EGLINTON AVE E,DANFORTH RD,109,,379,,43,Scarborough Centre(21),,Scarborough Southwest(20),,Eglinton Ave E And Danforth Rd,Scarborough,6118,EGLINTON AVE E
4787,13442522.0,Neilson Rd,McLevin Ave,110,327193.945,4852171.903,-79.22165799999999,43.809173,110,"{u'type': u'Point', u'coordinates': (-79.2216579987, 43.8091730021)}",,,,2017-06-05T04:00:00,,MCLEVIN AVE,NEILSON RD,MCLEVIN AVE,110,,1339,,42,Scarborough North(23),,Scarborough-Rouge Park(25),,Neilson Rd And Mclevin Ave,Scarborough,6119,NEILSON RD
4788,13467394.0,Simcoe St,Wellington St W,111,314032.183,4834018.663,-79.385561,43.646053,111,"{u'type': u'Point', u'coordinates': (-79.3855610006, 43.6460530113)}",,,,2017-08-08T04:00:00,,WELLINGTON ST W,SIMCOE ST,WELLINGTON ST W,111,,264,,52,Spadina-Fort York(10),,,,Simcoe St And Wellington St W,Toronto and East York,6120,SIMCOE ST
4789,13448840.0,Jane St,Stong Crt,112,303284.48699999996,4846884.423,-79.518822,43.761917,112,"{u'type': u'Point', u'coordinates': (-79.5188219995, 43.7619170059)}",,,,2017-10-20T04:00:00,YORK GATE BLVD,STONG CRT,JANE ST,STONG CRT,112,,972,,31,Humber River-Black Creek(7),,,,Jane St And Stong Crt / York Gate Blvd,Etobicoke York,6121,JANE ST
4790,13446514.0,Ellesmere Rd,Bellamy Rd N,113,325588.795,4848296.148,-79.241759,43.774334,113,"{u'type': u'Point', u'coordinates': (-79.2417590067, 43.7743339999)}",,,,2017-03-10T05:00:00,,BELLAMY RD N,ELLESMERE RD,BELLAMY RD N,113,,700,,43,Scarborough-Guildwood(24),,,,Ellesmere Rd And Bellamy Rd N,Scarborough,6122,ELLESMERE RD
4791,13450163.0,Lawrence Ave E,Kennedy Rd,114,322925.653,4845529.051,-79.274934,43.749497,114,"{u'type': u'Point', u'coordinates': (-79.2749340071, 43.7494969991)}",,,,2017-03-10T05:00:00,,KENNEDY RD,LAWRENCE AVE E,KENNEDY RD,114,,412,,41,Scarborough Centre(21),,,,Lawrence Ave E And Kennedy Rd,Scarborough,6123,LAWRENCE AVE E
4792,13454488.0,Warden Ave,Comstock Rd,115,322123.613,4842420.1,-79.284993,43.721532,115,"{u'type': u'Point', u'coordinates': (-79.2849930049, 43.721532)}",,,,2017-03-10T05:00:00,,COMSTOCK RD,WARDEN AVE,COMSTOCK RD,115,,690,,41,Scarborough Southwest(20),,,,Warden Ave And Comstock Rd,Scarborough,6124,WARDEN AVE
4793,13443955.0,Sheppard Ave E,Malvern St,116,326131.23,4850556.265,-79.234931,43.794662,116,"{u'type': u'Point', u'coordinates': (-79.2349310078, 43.7946620094)}",,,,2017-05-03T04:00:00,PROGRESS AVE,MALVERN ST,SHEPPARD AVE E,MALVERN ST,116,,1568,,42,Scarborough North(23),,,,Sheppard Ave E And Malvern St / Progress Ave,Scarborough,6125,SHEPPARD AVE E
4794,13456668.0,Rexdale Blvd,Kipling Ave,117,299424.787,4841307.839,-79.566702,43.711703,117,"{u'type': u'Point', u'coordinates': (-79.5667019991, 43.7117030085)}",,,,2017-10-20T04:00:00,,KIPLING AVE,REXDALE BLVD,KIPLING AVE,117,,732,,23,Etobicoke North(1),,,,Rexdale Blvd And Kipling Ave,Etobicoke York,6126,REXDALE BLVD
4795,13458367.0,Weston Rd,Lawrence Ave W,118,303494.184,4840023.2069999995,-79.516201,43.700158,118,"{u'type': u'Point', u'coordinates': (-79.5162009996, 43.7001579982)}",,,,2017-10-20T04:00:00,,LAWRENCE AVE W,WESTON RD,LAWRENCE AVE W,118,,431,,12,York South-Weston(5),,,,Weston Rd And Lawrence Ave W,Etobicoke York,6127,WESTON RD
4796,13452733.0,Islington Ave,Albion Rd,119,299539.599,4844144.356000001,-79.56530500000001,43.737235999999996,119,"{u'type': u'Point', u'coordinates': (-79.565305007, 43.7372359966)}",,,,2017-06-19T04:00:00,,ALBION RD,ISLINGTON AVE,ALBION RD,119,,717,,23,Etobicoke North(1),,,,Islington Ave And Albion Rd,Etobicoke York,6128,ISLINGTON AVE
4797,13469672.0,The Queensway,Islington Ave,120,303606.961,4831517.1219999995,-79.514783,43.623591999999995,120,"{u'type': u'Point', u'coordinates': (-79.514782999, 43.6235920007)}",,,,2018-02-16T05:00:00,,ISLINGTON AVE,THE QUEENSWAY,ISLINGTON AVE,120,,567,,22,Etobicoke-Lakeshore(3),,,,The Queensway And Islington Ave,Etobicoke York,6129,THE QUEENSWAY
4798,,,,121,311230.822,4850895.951,-79.420084,43.797999,121,"{u'type': u'Point', u'coordinates': (-79.4200839984, 43.7979990068)}",,,,2017-08-11T04:00:00,,STEELES AVE,YONGE ST,STEELES AVE,121,,131,,32,Willowdale(18),,,,Yonge St And Steeles Ave,North York,6130,YONGE ST
4799,13463893.0,St Clair Ave W,Runnymede Rd,122,306125.44399999996,4836560.936000001,-79.483564,43.668993,122,"{u'type': u'Point', u'coordinates': (-79.4835639906, 43.6689929997)}",,11.0,,2017-08-11T04:00:00,,RUNNYMEDE RD,ST CLAIR AVE W,RUNNYMEDE RD,122,,494,,12,York South-Weston(5),,,,St Clair Ave W And Runnymede Rd,Etobicoke York,6131,ST CLAIR AVE W
4800,13453141.0,Warden Ave,Ashtonbee Rd,123,321817.338,4843439.068,-79.288762,43.730711,123,"{u'type': u'Point', u'coordinates': (-79.2887619944, 43.7307110017)}",,,,2017-03-13T04:00:00,,ASHTONBEE RD,WARDEN AVE,ASHTONBEE RD,123,,1377,,41,Scarborough Centre(21),,,,Warden Ave And Ashtonbee Rd,Scarborough,6132,WARDEN AVE
4801,13456952.0,Keele St,Lawrence Ave W,124,306567.974,4840967.7360000005,-79.478062,43.708659000000004,124,"{u'type': u'Point', u'coordinates': (-79.4780619981, 43.7086590072)}",,,,2017-08-11T04:00:00,,LAWRENCE AVE W,KEELE ST,LAWRENCE AVE W,124,,428,,12,York South-Weston(5),,,,Keele St And Lawrence Ave W,Etobicoke York,6134,KEELE ST
4802,13442651.0,Birchmount Rd,McNicoll Ave,125,319992.572,4852092.03,-79.31116800000001,43.808637,125,"{u'type': u'Point', u'coordinates': (-79.3111679979, 43.8086369999)}",,,,2017-08-11T04:00:00,,MCNICOLL AVE,BIRCHMOUNT RD,MCNICOLL AVE,125,,1413,,42,Scarborough-Agincourt(22),,,,Birchmount Rd And Mcnicoll Ave,Scarborough,6135,BIRCHMOUNT RD
4803,13442502.0,Finch Ave E,Middlefield Rd,126,324294.041,4852242.217,-79.257699,43.809888,126,"{u'type': u'Point', u'coordinates': (-79.2576989968, 43.8098879984)}",,,,2017-03-24T04:00:00,,MIDDLEFIELD RD,FINCH AVE E,MIDDLEFIELD RD,126,,1431,,42,Scarborough North(23),,,,Finch Ave E And Middlefield Rd,Scarborough,6136,FINCH AVE E
4804,13459022.0,Dixon Rd,Islington Ave,127,301033.24199999997,4839678.746,-79.54673100000001,43.697049,127,"{u'type': u'Point', u'coordinates': (-79.5467310031, 43.6970490024)}",,,,2017-12-19T05:00:00,,ISLINGTON AVE,DIXON RD,ISLINGTON AVE,127,,434,,23,Etobicoke North(1),,Etobicoke Centre(2),,Dixon Rd And Islington Ave,Etobicoke York,6137,DIXON RD
4805,13468134.0,Spadina Ave,Bremner Blvd,128,313432.517,4833407.843,-79.393004,43.640562,128,"{u'type': u'Point', u'coordinates': (-79.3930040015, 43.6405620021)}",,52.0,,2017-09-28T04:00:00,FORT YORK BLVD,BREMNER BLVD,SPADINA AVE,BREMNER BLVD,128,,1579,,14,Spadina-Fort York(10),,,,Spadina Ave And Bremner Blvd / Fort York Blvd,Toronto and East York,6138,SPADINA AVE
4806,13469508.0,The Queensway,Royal York Rd,129,304587.598,4831821.8610000005,-79.50263199999999,43.626336,129,"{u'type': u'Point', u'coordinates': (-79.5026320023, 43.6263360043)}",,,,2017-06-05T04:00:00,,ROYAL YORK RD,THE QUEENSWAY,ROYAL YORK RD,129,,565,,22,Etobicoke-Lakeshore(3),,,,The Queensway And Royal York Rd,Etobicoke York,6139,THE QUEENSWAY
4807,13468803.0,Lake Shore Blvd W,Strachan Ave,130,312163.268,4832726.431,-79.408745,43.634442,130,"{u'type': u'Point', u'coordinates': (-79.4087450089, 43.6344420022)}",,,,2017-10-06T04:00:00,REMEMBRANCE DR,STRACHAN AVE,LAKE SHORE BLVD W,STRACHAN AVE,130,,222,,14,Spadina-Fort York(10),,,,Lake Shore Blvd W And Strachan Ave / Remembrance Dr,Toronto and East York,6140,LAKE SHORE BLVD W
4808,13448547.0,Lawrence Ave E,Markham Rd,131,326917.185,4846688.17,-79.225324,43.759822,131,"{u'type': u'Point', u'coordinates': (-79.2253240008, 43.7598219975)}",,,,2017-03-24T04:00:00,,MARKHAM RD,LAWRENCE AVE E,MARKHAM RD,131,,420,,43,Scarborough-Guildwood(24),,,,Lawrence Ave E And Markham Rd,Scarborough,6141,LAWRENCE AVE E
4809,13455910.0,Jane St,Falstaff Ave,132,304217.887,4841722.643999999,-79.507224,43.715456,132,"{u'type': u'Point', u'coordinates': (-79.5072239973, 43.7154560102)}",,,,2017-10-20T04:00:00,GORDON MACKAY RD,FALSTAFF AVE,JANE ST,FALSTAFF AVE,132,,531,,12,York South-Weston(5),,,,Jane St And Falstaff Ave / Gordon Mackay Rd,Etobicoke York,6142,JANE ST
4810,13454662.0,Avenue Rd,Lawrence Ave W,133,311599.49600000004,4842481.4180000005,-79.415609,43.722255,133,"{u'type': u'Point', u'coordinates': (-79.4156090061, 43.722255002)}",,53.0,,2017-03-14T04:00:00,,LAWRENCE AVE W,AVENUE RD,LAWRENCE AVE W,133,,119,,32,Eglinton-Lawrence(8),,,,Avenue Rd And Lawrence Ave W,North York,6143,AVENUE RD
4811,13443081.0,Pharmacy Ave,McNicoll Ave,134,318419.405,4851587.02,-79.33073399999999,43.804122,134,"{u'type': u'Point', u'coordinates': (-79.3307340026, 43.8041220005)}",,,,2017-03-24T04:00:00,,MCNICOLL AVE,PHARMACY AVE,MCNICOLL AVE,134,,1241,,42,Scarborough-Agincourt(22),,,,Pharmacy Ave And Mcnicoll Ave,Scarborough,6145,PHARMACY AVE
4812,13445553.0,Markham Rd,Progress Ave,135,326219.61600000004,4849121.603,-79.23389,43.781746000000005,135,"{u'type': u'Point', u'coordinates': (-79.2338900026, 43.781745998)}",,,,2017-08-11T04:00:00,,PROGRESS AVE,MARKHAM RD,PROGRESS AVE,135,,878,,43,Scarborough-Guildwood(24),,,,Markham Rd And Progress Ave,Scarborough,6146,MARKHAM RD
4813,13444062.0,Markham Rd,Sheppard Ave E,136,325824.016,4850467.187,-79.238752,43.793869,136,"{u'type': u'Point', u'coordinates': (-79.2387520051, 43.7938690047)}",,,,2017-04-11T04:00:00,,SHEPPARD AVE E,MARKHAM RD,SHEPPARD AVE E,136,,701,,42,Scarborough North(23),,,,Markham Rd And Sheppard Ave E,Scarborough,6147,MARKHAM RD
4814,13445096.0,Don Mills Rd,Van Horne Ave,137,316628.82399999996,4849719.717,-79.353029,43.787345,137,"{u'type': u'Point', u'coordinates': (-79.3530289956, 43.7873450079)}",,,,2017-07-10T04:00:00,,VAN HORNE AVE,DON MILLS RD,VAN HORNE AVE,137,,628,,33,Don Valley North(17),,,,Don Mills Rd And Van Horne Ave,North York,6148,DON MILLS RD
4815,13443095.0,Sheppard Ave E,Morningside Ave,138,328957.76,4851378.268,-79.199771,43.801974,138,"{u'type': u'Point', u'coordinates': (-79.1997710049, 43.8019740057)}",,,,2017-03-10T05:00:00,,MORNINGSIDE AVE,SHEPPARD AVE E,MORNINGSIDE AVE,138,,1108,,42,Scarborough-Rouge Park(25),,,,Sheppard Ave E And Morningside Ave,Scarborough,6149,SHEPPARD AVE E
4816,13443245.0,Morningside Ave,Milner Ave,139,329014.045,4851190.27,-79.19908000000001,43.80028,139,"{u'type': u'Point', u'coordinates': (-79.1990800063, 43.8002799963)}",,,,2017-03-10T05:00:00,,MILNER AVE,MORNINGSIDE AVE,MILNER AVE,139,,1584,,42,Scarborough-Rouge Park(25),,,,Morningside Ave And Milner Ave,Scarborough,6150,MORNINGSIDE AVE
4817,13442363.0,Kennedy Rd,McNicoll Ave,140,320733.682,4852482.495,-79.30194499999999,43.812135999999995,140,"{u'type': u'Point', u'coordinates': (-79.3019450092, 43.8121360061)}",,,,2017-09-28T04:00:00,,MCNICOLL AVE,KENNEDY RD,MCNICOLL AVE,140,,1586,,42,Scarborough-Agincourt(22),,,,Kennedy Rd And Mcnicoll Ave,Scarborough,6152,KENNEDY RD
4818,13446212.0,Markham Rd,Ellesmere Rd,141,326393.29600000003,4848532.234,-79.231756,43.776436,141,"{u'type': u'Point', u'coordinates': (-79.2317560025, 43.7764360087)}",,,,2018-02-16T05:00:00,,ELLESMERE RD,MARKHAM RD,ELLESMERE RD,141,,702,,43,Scarborough-Guildwood(24),,,,Markham Rd And Ellesmere Rd,Scarborough,6153,MARKHAM RD
4819,13466139.0,Bloor St W,Keele St,142,308022.601,4834974.484,-79.460048,43.654707,142,"{u'type': u'Point', u'coordinates': (-79.4600479973, 43.654707001)}",,,,2018-09-05T04:00:00,PARKSIDE DR,KEELE ST,BLOOR ST W,KEELE ST,142,,328,,11,Parkdale-High Park(4),,,,Bloor St W And Keele St / Parkside Dr,Toronto and East York,6154,BLOOR ST W
4820,13461355.0,Eglinton Ave W,Scarlett Rd,143,303876.30600000004,4838223.847,-79.511457,43.683962,143,"{u'type': u'Point', u'coordinates': (-79.5114570043, 43.6839620013)}",,22.0,,2019-06-03T04:00:00,,SCARLETT RD,EGLINTON AVE W,SCARLETT RD,143,,784,,23,Etobicoke Centre(2),,,,Eglinton Ave W And Scarlett Rd,Etobicoke York,6155,EGLINTON AVE W
4821,13445306.0,Steeles Ave W,Dufferin St,144,307207.36199999996,4849702.765,-79.470089,43.787283,144,"{u'type': u'Point', u'coordinates': (-79.4700889909, 43.7872830029)}",,,,2018-09-05T04:00:00,,DUFFERIN ST,STEELES AVE W,DUFFERIN ST,144,,619,,32,York Centre(6),,,,Steeles Ave W And Dufferin St,North York,6156,STEELES AVE W
4822,13463882.0,Dufferin St,Dupont St,145,309716.424,4836503.843,-79.439035,43.668464,145,"{u'type': u'Point', u'coordinates': (-79.4390350097, 43.6684640113)}",,14.0,,2018-11-28T05:00:00,,DUPONT ST,DUFFERIN ST,DUPONT ST,145,,608,,11,Davenport(9),,,,Dufferin St And Dupont St,Toronto and East York,6157,DUFFERIN ST
4823,13467841.0,Bloor St W,Islington Ave,146,302909.13300000003,4833856.478,-79.523438,43.644648,146,"{u'type': u'Point', u'coordinates': (-79.5234379985, 43.6446480025)}",,,,2018-11-28T05:00:00,,ISLINGTON AVE,BLOOR ST W,ISLINGTON AVE,146,,339,,22,Etobicoke-Lakeshore(3),,,,Bloor St W And Islington Ave,Etobicoke York,6158,BLOOR ST W
4824,,,,147,295612.693,4846172.56,-79.61409,43.755454,147,"{u'type': u'Point', u'coordinates': (-79.614089995, 43.7554540003)}",,,,2019-06-03T04:00:00,,HIGHWAY 27,STEELES AVE W,HIGHWAY 27,147,,1793,,23,Etobicoke North(1),,,,Steeles Ave W And Highway 27,Etobicoke York,6159,STEELES AVE W
4825,13447608.0,Steeles Ave W,Signet Dr,148,301302.17100000003,4847885.371,-79.543448,43.770920000000004,148,"{u'type': u'Point', u'coordinates': (-79.543448001, 43.7709200085)}",,,,2019-06-03T04:00:00,WESTON RD,SIGNET DR,STEELES AVE W,SIGNET DR,148,,1232,,31,Humber River-Black Creek(7),,,,Steeles Ave W And Signet Dr / Weston Rd,Etobicoke York,6161,STEELES AVE W
